<?xml version="1.0" encoding="utf-8"?>
<listings><listing><code>Z793E243</code><title>SALA RJ1</title><description>Sala de reunião composta por 11 lugares, mesa redonda, possui um aparelho de videoconferência Polycom (Skype for Business), um telefone de mesa, uma televisão.</description><max_persons>16</max_persons><available_rooms/><price/><images>39520142,</images></listing><listing><code>F360X679</code><title>SALA RJ2</title><description>Sala de reunião composta por 11 lugares, mesa retangular, não possui aparelho de videoconferência Polycom, possui dois telefones de mesa. Sem televisão.</description><max_persons>16</max_persons><available_rooms/><price/><images>11381462,</images></listing><listing><code>N874R220</code><title>SALA RJ3</title><description>Sala de reunião composta por 11 lugares, mesa retangular, não possui aparelho de videoconferência Polycom, possui dois telefones de mesa. Sem televisão.</description><max_persons>16</max_persons><available_rooms/><price/><images>15895532,</images></listing><listing><code>E746Z502</code><title>SALA RJ4</title><description>Sala de reunião composta por 26 lugares, mesa retangular, possui um aparelho de videoconferência Polycom (Skype for Business), quatro telefones e duas televisões.</description><max_persons>16</max_persons><available_rooms/><price/><images>18248808,</images></listing><listing><code>T511E753</code><title>SALA RJ5</title><description>Sala de reunião composta por 10 lugares, mesa retangular, possui aparelho de videoconferência Polycom (Skype for Business), possui um telefone de mesa. Possui uma televisão.</description><max_persons>10</max_persons><available_rooms/><price/><images>4471463,</images></listing><listing><code>F983R354</code><title>SALA RJ6</title><description>Sala de reunião composta por 05 lugares, mesa retangular, não possui aparelho de videoconferência Polycom, possui um telefone de mesa. Sem televisão.</description><max_persons>4</max_persons><available_rooms/><price/><images>66439115,</images></listing><listing><code>A151Z580</code><title>SALA RJ7</title><description>Sala de reunião composta por 05 lugares, mesa retangular, não possui aparelho de videoconferência Polycom, possui um telefone de mesa. Sem televisão.</description><max_persons>4</max_persons><available_rooms/><price/><images>87880700</images></listing><listing><code>O196T228</code><title>SALA RJ8</title><description>Sala de reunião composta por 16 lugares, mesa retangular, possui um aparelho de videoconferência Polycom (Skype for Business), um telefones e duas televisões.</description><max_persons>16</max_persons><available_rooms/><price/><images>38408653,</images></listing>
		<listing><code>C327V501</code><title>sala sp8</title><description>dfsds</description><max_persons>48</max_persons><available_rooms/><images/></listing></listings>
