<?xml version="1.0" encoding="utf-8"?>
<listings><listing><code>Z793E243</code><title>SALA RJ1</title><description>Sala com espaço mediano, mesa redonda, possui aparelho de videoconferência.</description><max_persons>16</max_persons><available_rooms/><price/><images/></listing><listing><code>F360X679</code><title>SALA RJ2</title><description>SALA GRANDE, MESA RETANGULAR, SEM APARELHO DE VIDEOCONFERÊNCIA. </description><max_persons>16</max_persons><available_rooms/><price/><images/></listing><listing><code>N874R220</code><title>SALA RJ3</title><description>SALA GRANDE, MESA RETANGULAR,  SEM APARELHO DE VIDEOCONFERÊNCIA.</description><max_persons>16</max_persons><available_rooms/><price/><images/></listing><listing><code>E746Z502</code><title>SALA RJ4</title><description>SALA GRANDE, MESA RETANGULAR,  COM APARELHO DE VIDEOCONFERÊNCIA.</description><max_persons>16</max_persons><available_rooms/><price/><images/></listing><listing><code>T511E753</code><title>SALA RJ5</title><description>SALA PEQUENA, MESA RETANGULAR,  COM APARELHO DE VIDEOCONFERÊNCIA.</description><max_persons>10</max_persons><available_rooms/><price/><images/></listing><listing><code>F983R354</code><title>SALA RJ6</title><description>SALA PEQUENA, MESA RETANGULAR,  SEM APARELHO DE VIDEOCONFERÊNCIA.</description><max_persons>4</max_persons><available_rooms/><price/><images/></listing><listing><code>A151Z580</code><title>SALA RJ7</title><description>SALA PEQUENA, MESA RETANGULAR,  SEM APARELHO DE VIDEOCONFERÊNCIA.</description><max_persons>4</max_persons><available_rooms/><price/><images/></listing><listing><code>O196T228</code><title>SALA RJ8</title><description>SALA GRANDE, MESA RETANGULAR,  COM APARELHO DE VIDEOCONFERÊNCIA.</description><max_persons>16</max_persons><available_rooms/><price/><images/></listing><listing><code>R656T601</code><title>ikjnikbhk</title><description>oljhink,gb,</description><max_persons>16</max_persons><available_rooms/><price/><images/></listing>
		</listings>
