<?xml version="1.0" encoding="utf-8"?>
<listings><listing><code>Z793E243</code><title>SALA RJ1</title><description>Sala de reunião composta por 11 lugares, mesa redonda, possui um aparelho de videoconferência Polycom (Teams), possui  telefone de mesa. 1 televisão.</description><max_persons>11</max_persons><available_rooms/><price/><images>39520142,</images></listing><listing><code>F360X679</code><title>SALA RJ2</title><description>Sala de reunião composta por 11 lugares, mesa retangular, não possui aparelho de videoconferência Polycom, possui dois telefones de mesa. Sem televisão.</description><max_persons>16</max_persons><available_rooms/><price/><images>11381462,</images></listing><listing><code>N874R220</code><title>SALA RJ3</title><description>Sala de reunião composta por 11 lugares, mesa retangular, não possui aparelho de videoconferência Polycom, possui dois telefones de mesa. Sem televisão.</description><max_persons>16</max_persons><available_rooms/><price/><images>15895532,</images></listing><listing><code>E746Z502</code><title>SALA RJ4</title><description>Sala de reunião composta por 26 lugares, mesa retangular, possui um aparelho de videoconferência Polycom (Teams), quatro telefones e duas televisões.</description><max_persons>16</max_persons><available_rooms/><price/><images>18248808,</images></listing><listing><code>T511E753</code><title>SALA RJ5</title><description>Sala de reunião composta por 10 lugares, mesa retangular, possui aparelho de videoconferência Polycom (Teams), possui um telefone de mesa. Possui uma televisão.</description><max_persons>10</max_persons><available_rooms/><price/><images>4471463,</images></listing><listing><code>F983R354</code><title>SALA RJ6</title><description>Sala de reunião composta por 05 lugares, mesa retangular, não possui aparelho de videoconferência Polycom, possui um telefone de mesa. Sem televisão.</description><max_persons>4</max_persons><available_rooms/><price/><images>66439115,</images></listing><listing><code>A151Z580</code><title>SALA RJ7</title><description>Sala de reunião composta por 05 lugares, mesa retangular, não possui aparelho de videoconferência Polycom, possui um telefone de mesa. Sem televisão.</description><max_persons>4</max_persons><available_rooms/><price/><images>87880700</images></listing><listing><code>O196T228</code><title>SALA RJ8</title><description>Sala de reunião composta por 16 lugares, mesa retangular, possui um aparelho de videoconferência Polycom (Teams), um telefones e duas televisões.</description><max_persons>16</max_persons><available_rooms/><price/><images>38408653,</images></listing><listing><code>C500F194</code><title>SALA SP1</title><description>Sala com 16 lugares, 2 TVs, vídeoconferência (Teams), 2 quadros brancos, aparador</description><max_persons>16</max_persons><available_rooms/><images>7832292</images></listing><listing><code>O614O236</code><title>SALA SP2</title><description>Sala com 6 lugares, 1 Quadro branco,  Ramal 6772</description><max_persons>6</max_persons><available_rooms/><images>15156223,</images></listing><listing><code>R395F638</code><title>SALA SP3</title><description>Sala com 10 lugares, 1 TV, vídeoconferência (Teams), 2 quadros brancos, aparador. Ramal 6773</description><max_persons>10</max_persons><available_rooms/><images>9084669,</images></listing><listing><code>C501Z301</code><title>SALA SP4</title><description>Sala com 42 lugares, 6 TVs, vídeoconferência (Teams), 2 aparadores. Ramal 6774</description><max_persons>42</max_persons><available_rooms/><images>79451076</images></listing><listing><code>Q472Q764</code><title>SALA SP5</title><description>Sala com 10 lugares, 1 TV, vídeoconferência (Teams), 2 quadros brancos. Ramal 6775</description><max_persons>10</max_persons><available_rooms/><images>44624520</images></listing><listing><code>W291N602</code><title>SALA SP6</title><description>Sala com 6 lugares, 1 Quadro Branco. Ramal 6776</description><max_persons>6</max_persons><available_rooms/><images>92754224</images></listing><listing><code>T305F835</code><title>SALA SP7</title><description>Sala com 6 lugares, 1 Quadro Branco. Ramal 6777</description><max_persons>6</max_persons><available_rooms/><images>80834427</images></listing><listing><code>X296V457</code><title>SALA SP8</title><description>Sala com 12 lugares, mesa redonda, 1 TV, vídeoconferência (Teams), 2 quadros brancos, aparador. Ramal 6778</description><max_persons>12</max_persons><available_rooms/><images>98088264,</images></listing>
		<listing><code>E736A784</code><title>SALA DF</title><description>Sala com 16 lugares, 1 TV , videoconferência (Teams). Ramal </description><max_persons>16</max_persons><available_rooms/><images>45608396</images></listing></listings>
